INSERT INTO ppro.address (id, city, house_number, street, zip_code) VALUES (17, 'Praha', '49', 'Rovná', '56467');
INSERT INTO ppro.address (id, city, house_number, street, zip_code) VALUES (21, 'Hradec Králové', '879', 'Kratka', '54064');
INSERT INTO ppro.address (id, city, house_number, street, zip_code) VALUES (25, 'Hradec Králové', '567', 'Kratka', '54064');
INSERT INTO ppro.address (id, city, house_number, street, zip_code) VALUES (47, 'Brno', '84', 'Česká', '34558');
INSERT INTO ppro.address (id, city, house_number, street, zip_code) VALUES (52, 'Pardubice', '6', 'Kosmonautů', '96878');
INSERT INTO ppro.address (id, city, house_number, street, zip_code) VALUES (58, 'Plzeň', '32', 'Zadní', '56134');
INSERT INTO ppro.address (id, city, house_number, street, zip_code) VALUES (65, 'Praha', '25', 'Bílá', '48787');
INSERT INTO ppro.address (id, city, house_number, street, zip_code) VALUES (72, 'Zapadákov', '98', 'Ztracená', '64878');
INSERT INTO ppro.customer (id, company, name, address_id, user_id) VALUES (19, true, 'customer@email.cz', 17, 18);
INSERT INTO ppro.customer (id, company, name, address_id, user_id) VALUES (60, false, 'vomacka@email.cz', 58, 59);
INSERT INTO ppro.customer (id, company, name, address_id, user_id) VALUES (67, true, 'velkafirma@email.cz', 65, 66);
INSERT INTO ppro.customer (id, company, name, address_id, user_id) VALUES (74, false, 'babicka@email.cz', 72, 73);
INSERT INTO ppro.hibernate_sequence (next_val) VALUES (85);
INSERT INTO ppro.janitor (id, description, email, name, service_range, address_id, category_id, janitor_user_id) VALUES (27, 'Rychlé a kvalitní úklidy.', 'test@example.com', 'UklizimeRychle', 12, 25, 2, 26);
INSERT INTO ppro.janitor (id, description, email, name, service_range, address_id, category_id, janitor_user_id) VALUES (49, 'Uklízíme pomalu ale kvalitně.', 'kvalitne@email.cz', 'KvalitniUklid', 50, 47, 3, 48);
INSERT INTO ppro.janitor (id, description, email, name, service_range, address_id, category_id, janitor_user_id) VALUES (54, 'Rodinná firma s tisíciletou tradicí. Už staří Římané si nás pochvalovali.', 'novak@email.cz', 'NovakUklidovka', 30, 52, 2, 53);
INSERT INTO ppro.janitor_category (id, description, name) VALUES (1, 'Úklid v domácnostech', 'Úklid domácností');
INSERT INTO ppro.janitor_category (id, description, name) VALUES (2, 'Úklid nebytových prostor', 'Úklid nebyt. prostor');
INSERT INTO ppro.janitor_category (id, description, name) VALUES (3, 'Úklid průmyslových objektů', 'Úklid prům. objektů');
INSERT INTO ppro.janitor_role (id, identificator, role_description) VALUES (1, 'admin', 'Administrator');
INSERT INTO ppro.janitor_role (id, identificator, role_description) VALUES (2, 'janitor', 'Uklidova sluzba');
INSERT INTO ppro.janitor_role (id, identificator, role_description) VALUES (3, 'customer', 'Zakaznik');
INSERT INTO ppro.janitor_user (id, firstname, login, password, surname, role_id) VALUES (1, 'Ondrej', 'ondra', '$2a$10$aDCz2Hg8dbiBRpYLXKlDLu.eZl/DChcak6pSsjo6/TX7v1v9I91yK', 'Simecek', 1);
INSERT INTO ppro.janitor_user (id, firstname, login, password, surname, role_id) VALUES (2, 'Stanislav', 'standa', '$2a$10$aDCz2Hg8dbiBRpYLXKlDLu.eZl/DChcak6pSsjo6/TX7v1v9I91yK', 'Madr', 1);
INSERT INTO ppro.janitor_user (id, firstname, login, password, surname, role_id) VALUES (3, 'Admin', 'admin', '$2a$10$aDCz2Hg8dbiBRpYLXKlDLu.eZl/DChcak6pSsjo6/TX7v1v9I91yK', 'Admin', 1);
INSERT INTO ppro.janitor_user (id, firstname, login, password, surname, role_id) VALUES (18, null, 'customer@email.cz', '$2a$10$aDCz2Hg8dbiBRpYLXKlDLu.eZl/DChcak6pSsjo6/TX7v1v9I91yK', null, 3);
INSERT INTO ppro.janitor_user (id, firstname, login, password, surname, role_id) VALUES (26, null, 'test@example.com', '$2a$10$QTjlGuLMtuWayjOPavHrXeoYPqzCrdXSnESkR0TNennK3HeuunZd6', null, 2);
INSERT INTO ppro.janitor_user (id, firstname, login, password, surname, role_id) VALUES (48, null, 'kvalitne@email.cz', '$2a$10$NTYXmbOcAcFqLpA44vwroemuuteksNCLG3CgJY5KMoU.SzMjDENeu', null, 2);
INSERT INTO ppro.janitor_user (id, firstname, login, password, surname, role_id) VALUES (53, null, 'novak@email.cz', '$2a$10$bXECBI66./egHtdA1BqEhuQebNK8GfzXfd4SbtnXt1rjPgESTBw4.', null, 2);
INSERT INTO ppro.janitor_user (id, firstname, login, password, surname, role_id) VALUES (59, null, 'vomacka@email.cz', '$2a$10$Isuc9XFFF5G9bgrd8xPXY.3M.Ymon36UOt7eZ3ZeV2rwQX6ClfLU.', null, 3);
INSERT INTO ppro.janitor_user (id, firstname, login, password, surname, role_id) VALUES (66, null, 'velkafirma@email.cz', '$2a$10$/nnIwlfyB39UzykjuNfHyObNjg8nHWutLDFZn/CcHkh/hC3uI5kgy', null, 3);
INSERT INTO ppro.janitor_user (id, firstname, login, password, surname, role_id) VALUES (73, null, 'babicka@email.cz', '$2a$10$c/C6qryFO5.48hGCgOXBZObnuegJQz1Gco3uvgAlUY7Bb7Q0eMIs.', null, 3);
INSERT INTO ppro.message (id, created, from_janitor, message_content, customer_id, janitor_id) VALUES (39, '2020-01-26 23:11:59.166000000', false, 'Chtel bych si objednat pravidelny uklid bytu.', 19, 27);
INSERT INTO ppro.message (id, created, from_janitor, message_content, customer_id, janitor_id) VALUES (44, '2020-01-27 07:56:24.403000000', true, 'Podívejte se do našeho ceníku a zvolte si jaké služby a v jakém množství požadujete.', 19, 27);
INSERT INTO ppro.message (id, created, from_janitor, message_content, customer_id, janitor_id) VALUES (45, '2020-01-27 07:59:29.803000000', false, 'Chtěl bych 4 hodiny běžného domácího úklidu týdně.', 19, 27);
INSERT INTO ppro.message (id, created, from_janitor, message_content, customer_id, janitor_id) VALUES (61, '2020-01-27 08:25:17.445000000', false, 'Chci opravdu kvalitní úklid. Zaplatím cokoliv.', 60, 49);
INSERT INTO ppro.message (id, created, from_janitor, message_content, customer_id, janitor_id) VALUES (62, '2020-01-27 08:25:51.767000000', false, 'Kolik stojí úklid kuchyně o velikosti 1 metr čtvereční?', 60, 54);
INSERT INTO ppro.message (id, created, from_janitor, message_content, customer_id, janitor_id) VALUES (68, '2020-01-27 08:34:21.142000000', false, 'Jak rychle uklidíte kancelář o velikosti dvou fotbalových hřišť?', 67, 27);
INSERT INTO ppro.message (id, created, from_janitor, message_content, customer_id, janitor_id) VALUES (69, '2020-01-27 08:34:46.854000000', false, 'Na jaký email vás můžeme kontaktovat?', 67, 54);
INSERT INTO ppro.message (id, created, from_janitor, message_content, customer_id, janitor_id) VALUES (75, '2020-01-27 08:39:35.106000000', false, 'Umíte uklízet i pomalu?', 74, 27);
INSERT INTO ppro.message (id, created, from_janitor, message_content, customer_id, janitor_id) VALUES (76, '2020-01-27 08:39:57.379000000', false, 'Chci uklidit chaloupku. Kolik to stojí?', 74, 49);
INSERT INTO ppro.message (id, created, from_janitor, message_content, customer_id, janitor_id) VALUES (79, '2020-01-27 08:44:02.537000000', true, 'Ne. Čas jsou peníze a my jich chceme co nejvíc.', 74, 27);
INSERT INTO ppro.message (id, created, from_janitor, message_content, customer_id, janitor_id) VALUES (80, '2020-01-27 08:44:54.192000000', true, 'Velmi rychle. Pokud není potřeba zachovat nábytek v původním stavu, tak pomocí našich likvidačních strojů je to otázka minut.', 67, 27);
INSERT INTO ppro.message (id, created, from_janitor, message_content, customer_id, janitor_id) VALUES (81, '2020-01-27 08:45:51.386000000', true, 'Moc moc, ale bude to opravdu kvalitní.', 74, 49);
INSERT INTO ppro.message (id, created, from_janitor, message_content, customer_id, janitor_id) VALUES (82, '2020-01-27 08:46:17.758000000', true, 'To bereme. Jaká je vaše adresa?', 60, 49);
INSERT INTO ppro.message (id, created, from_janitor, message_content, customer_id, janitor_id) VALUES (83, '2020-01-27 08:48:21.431000000', true, 'Kontaktujte nás na email velkafirma@email.cz.', 67, 54);
INSERT INTO ppro.message (id, created, from_janitor, message_content, customer_id, janitor_id) VALUES (84, '2020-01-27 08:48:55.950000000', true, 'Úklid je zdarma pokud si jej provedete sám.', 60, 54);
INSERT INTO ppro.review (id, description, value, customer_id, janitor_id) VALUES (46, 'Kvalitní práce a rozumnou cenu.', 8, 19, 27);
INSERT INTO ppro.review (id, description, value, customer_id, janitor_id) VALUES (63, 'Špatný přístup.', 6, 60, 54);
INSERT INTO ppro.review (id, description, value, customer_id, janitor_id) VALUES (64, 'Drahé ale opravdu kvalitní.', 8, 60, 49);
INSERT INTO ppro.review (id, description, value, customer_id, janitor_id) VALUES (70, 'Naprosto pomalý a nezajímavý úklid.', 3, 67, 27);
INSERT INTO ppro.review (id, description, value, customer_id, janitor_id) VALUES (71, 'Osobní a příjemný přístup.', 9, 67, 54);
INSERT INTO ppro.review (id, description, value, customer_id, janitor_id) VALUES (77, 'Velmi příjemné uklízení.', 9, 74, 27);
INSERT INTO ppro.review (id, description, value, customer_id, janitor_id) VALUES (78, 'Není nic kvalitnějšího.', 10, 74, 49);
INSERT INTO ppro.service (id, description, name, price, category_id, janitor_id) VALUES (40, 'Prostě setřu podlahu...', 'Stírání podlah', 200, 1, 27);
INSERT INTO ppro.service (id, description, name, price, category_id, janitor_id) VALUES (41, 'Klouzačka', 'Voskování podlah', 500, 2, 27);
INSERT INTO ppro.service (id, description, name, price, category_id, janitor_id) VALUES (43, 'Čistíme moderní párou.', 'Čištění párou', 800, 3, 27);
INSERT INTO ppro.service (id, description, name, price, category_id, janitor_id) VALUES (50, 'Vyčistíme každou koupelnu.', 'Čištění koupelen', 400, 1, 49);
INSERT INTO ppro.service (id, description, name, price, category_id, janitor_id) VALUES (51, 'Vypereme vše.', 'Praní prádla', 600, 3, 49);
INSERT INTO ppro.service (id, description, name, price, category_id, janitor_id) VALUES (55, 'Zametání nebytových prostor.', 'Zametání', 100, 1, 54);
INSERT INTO ppro.service (id, description, name, price, category_id, janitor_id) VALUES (56, 'Vynášení koše až do popelnice.', 'Vynášení košů', 150, 1, 54);
INSERT INTO ppro.service (id, description, name, price, category_id, janitor_id) VALUES (57, 'Vysajeme vaši kancelář i s dokumenty.', 'Vysávání', 200, 3, 54);
INSERT INTO ppro.service_category (id, name) VALUES (1, 'Běžný úklid');
INSERT INTO ppro.service_category (id, name) VALUES (2, 'Voskování');
INSERT INTO ppro.service_category (id, name) VALUES (3, 'Strojové čistění');